date, pm25, o3
2020/6/1, 999, 500
2020/6/2, 977, 500
2020/6/3, 999, 500
2020/6/4, 999, 500
2020/6/5, 924, 500
2020/6/6, 955, 500
2020/6/7, 788, 500
2020/6/8, 896, 500
2020/6/9, 987, 500
2020/6/10, 999, 500
2020/6/11, 999, 500
2020/6/12, 966, 500
2020/6/13, 788, 500
2020/6/14, 853, 500
2020/6/15, 928, 500
2020/6/16, 944, 500
2020/6/17, 779, 500
2020/6/18, 795, 500
2020/6/19, 753, 500
2020/6/20, 964, 500
2020/6/21, 954, 500
2020/6/22, 901, 500
2020/6/23, 999, 
2020/5/1, 855, 500
2020/5/2, 895, 500
2020/5/3, 999, 500
2020/5/4, 892, 500
2020/5/5, 815, 500
2020/5/6, 937, 500
2020/5/7, 839, 500
2020/5/8, 847, 500
2020/5/9, 800, 500
2020/5/10, 921, 500
2020/5/11, 920, 500
2020/5/12, 847, 500
2020/5/13, 919, 500
2020/5/14, 927, 500
2020/5/15, 999, 500
2020/5/16, 967, 500
2020/5/17, 797, 500
2020/5/18, 967, 500
2020/5/19, 994, 500
2020/5/20, 863, 500
2020/5/21, 989, 500
2020/5/22, 972, 500
2020/5/23, 915, 500
2020/5/24, 999, 500
2020/5/25, 927, 500
2020/5/26, 996, 500
2020/5/27, 694, 500
2020/5/28, 863, 500
2020/5/29, 821, 500
2020/4/1, 859, 500
2020/4/2, 830, 500
2020/4/3, 853, 500
2020/4/4, 850, 500
2020/4/5, 999, 500
2020/4/6, 953, 500
2020/4/7, 938, 500
2020/4/8, 999, 500
2020/4/9, 959, 500
2020/4/10, 926, 500
2020/4/11, 979, 500
2020/4/12, 999, 500
2020/4/13, 963, 500
2020/4/14, 960, 500
2020/4/15, 971, 500
2020/4/16, 952, 500
2020/4/17, 974, 500
2020/4/18, 971, 500
2020/4/19, 999, 500
2020/4/20, 952, 500
2020/4/21, 974, 500
2020/4/22, 951, 500
2020/4/23, 981, 500
2020/4/24, 947, 500
2020/4/25, 999, 500
2020/4/26, 941, 500
2020/4/27, 781, 500
2020/4/28, 952, 500
2020/4/29, 999, 500
2020/4/30, 999, 500
2020/3/1, 999, 500
2020/3/2, 980, 500
2020/3/3, 999, 500
2020/3/4, 999, 500
2020/3/5, 978, 500
2020/3/6, 981, 500
2020/3/7, 999, 500
2020/3/8, 999, 500
2020/3/9, 999, 500
2020/3/10, 999, 500
2020/3/11, 997, 500
2020/3/12, 999, 500
2020/3/13, 971, 500
2020/3/14, 999, 500
2020/3/15, 999, 500
2020/3/16, 999, 500
2020/3/17, 982, 500
2020/3/18, 994, 500
2020/3/19, 989, 500
2020/3/20, 986, 500
2020/3/21, 994, 500
2020/3/22, 999, 500
2020/3/23, 877, 500
2020/3/24, 967, 
2020/3/25, 999, 500
2020/3/26, 999, 500
2020/3/27, 944, 500
2020/3/28, 960, 500
2020/3/29, 979, 500
2020/3/30, 997, 500
2020/3/31, 793, 500
2020/2/1, 997, 500
2020/2/2, 999, 500
2020/2/3, 999, 500
2020/2/4, 999, 500
2020/2/5, 999, 500
2020/2/6, 894, 500
2020/2/7, 931, 500
2020/2/8, 999, 500
2020/2/9, 999, 500
2020/2/10, 999, 500
2020/2/11, 964, 500
2020/2/12, 981, 500
2020/2/13, 926, 500
2020/2/14, 999, 500
2020/2/15, 967, 500
2020/2/16, 999, 500
2020/2/17, 999, 500
2020/2/18, 999, 500
2020/2/19, 999, 500
2020/2/20, 999, 500
2020/2/21, 994, 500
2020/2/22, 999, 500
2020/2/23, 999, 500
2020/2/24, 999, 500
2020/2/25, 999, 500
2020/2/26, 992, 500
2020/2/27, 987, 500
2020/2/28, 999, 500
2020/2/29, 999, 500
2020/1/1, 999, 500
2020/1/2, 999, 500
2020/1/3, 999, 500
2020/1/4, 999, 500
2020/1/5, 999, 500
2020/1/6, 999, 500
2020/1/7, 999, 500
2020/1/8, 999, 500
2020/1/9, 999, 500
2020/1/10, 999, 500
2020/1/11, 999, 500
2020/1/12, 999, 500
2020/1/13, 999, 500
2020/1/14, 999, 500
2020/1/15, 999, 500
2020/1/16, 999, 500
2020/1/17, 999, 500
2020/1/18, 999, 500
2020/1/19, 999, 500
2020/1/20, 999, 500
2020/1/21, 999, 500
2020/1/22, 999, 500
2020/1/23, 999, 500
2020/1/24, 999, 500
2020/1/25, 951, 500
2020/1/26, 999, 500
2020/1/27, 999, 500
2020/1/28, 999, 500
2020/1/29, 999, 500
2020/1/30, 999, 500
2020/1/31, 999, 500
2019/10/1, 987, 500
2019/10/2, 999, 500
2019/10/3, 637, 500
2019/10/4, 881, 500
2019/10/5, 863, 500
2019/10/6, 992, 500
2019/10/7, 924, 500
2019/10/8, 990, 500
2019/10/9, 983, 500
2019/10/10, 887, 500
2019/10/11, 928, 500
2019/10/12, 911, 500
2019/10/13, 950, 500
2019/10/14, 986, 500
2019/10/15, 912, 500
2019/10/16, 920, 500
2019/10/17, 875, 500
2019/10/18, 884, 500
2019/10/19, 949, 500
2019/10/20, 999, 500
2019/10/21, 999, 500
2019/10/22, 952, 500
2019/10/23, 866, 500
2019/10/24, 977, 500
2019/10/25, 992, 500
2019/10/26, 965, 500
2019/10/27, 781, 500
2019/10/28, 988, 500
2019/10/29, 922, 500
2019/10/30, 925, 500
2019/10/31, 975, 500
2019/11/1, 948, 500
2019/11/2, 925, 500
2019/11/3, 999, 500
2019/11/4, 985, 500
2019/11/5, 963, 500
2019/11/6, 999, 500
2019/11/7, 957, 500
2019/11/8, 964, 500
2019/11/9, 903, 500
2019/11/10, 999, 500
2019/11/11, 999, 500
2019/11/12, 999, 500
2019/11/13, 999, 500
2019/11/14, 999, 500
2019/11/15, 999, 500
2019/11/16, 977, 500
2019/11/17, 985, 500
2019/11/18, 983, 500
2019/11/19, 971, 500
2019/11/20, 999, 500
2019/11/21, 999, 500
2019/11/22, 989, 500
2019/11/23, 999, 500
2019/11/24, 871, 500
2019/11/25, 999, 500
2019/11/26, 999, 500
2019/11/27, 991, 500
2019/11/28, 991, 500
2019/11/29, 964, 500
2019/11/30, 921, 500
2019/12/2, 999, 500
2019/12/3, 999, 500
2019/12/4, 999, 500
2019/12/5, 999, 500
2019/12/6, 999, 500
2019/12/7, 999, 500
2019/12/8, 994, 500
2019/12/9, 955, 500
2019/12/10, 999, 500
2019/12/11, 999, 500
2019/12/12, 999, 500
2019/12/13, 953, 500
2019/12/14, 859, 500
2019/12/15, 999, 500
2019/12/16, 999, 500
2019/12/17, 942, 500
2019/12/18, 999, 500
2019/12/19, 999, 500
2019/12/20, 999, 500
2019/12/21, 989, 500
2019/12/22, 999, 500
2019/12/23, 999, 500
2019/12/24, 961, 500
2019/12/25, 978, 500
2019/12/26, 999, 500
2019/12/27, 999, 500
2019/12/28, 999, 500
2019/12/29, 999, 
2019/7/1, 943, 500
2019/7/2, 977, 500
2019/7/3, 999, 500
2019/7/4, 978, 500
2019/7/5, 994, 500
2019/7/6, 999, 500
2019/7/7, 999, 500
2019/7/8, 979, 500
2019/7/9, 973, 500
2019/7/10, 999, 500
2019/7/11, 863, 500
2019/7/12, 990, 500
2019/7/13, 999, 500
2019/7/14, 999, 500
2019/7/15, 882, 500
2019/7/16, 997, 500
2019/7/17, 999, 500
2019/7/18, 899, 500
2019/7/19, 927, 500
2019/7/20, 999, 500
2019/7/21, 988, 500
2019/7/22, 891, 500
2019/7/23, 794, 500
2019/7/24, 950, 500
2019/7/25, 945, 500
2019/7/26, 986, 500
2019/7/27, 945, 500
2019/7/28, 999, 500
2019/7/29, 997, 500
2019/7/30, 999, 500
2019/7/31, 999, 500
2019/8/1, 914, 500
2019/8/2, 971, 500
2019/8/3, 937, 500
2019/8/4, 865, 500
2019/8/5, 909, 500
2019/8/6, 999, 500
2019/8/7, 967, 500
2019/8/8, 950, 500
2019/8/9, 949, 500
2019/8/10, 929, 500
2019/8/11, 938, 500
2019/8/12, 967, 500
2019/8/13, 999, 500
2019/8/14, 999, 500
2019/8/15, 994, 500
2019/8/16, 971, 500
2019/8/17, 957, 500
2019/8/18, 994, 500
2019/8/19, 925, 500
2019/8/20, 970, 500
2019/8/21, 992, 500
2019/8/22, 974, 500
2019/8/23, 895, 500
2019/8/24, 831, 500
2019/8/25, 782, 500
2019/8/26, 941, 500
2019/8/27, 925, 500
2019/8/28, 836, 500
2019/8/29, 995, 500
2019/8/30, 999, 500
2019/8/31, 914, 500
2019/9/1, 965, 500
2019/9/2, 886, 500
2019/9/3, 944, 500
2019/9/4, 999, 500
2019/9/5, 835, 500
2019/9/6, 818, 500
2019/9/7, 989, 500
2019/9/8, 937, 500
2019/9/9, 898, 500
2019/9/10, 863, 500
2019/9/11, 956, 500
2019/9/12, 963, 500
2019/9/13, 781, 500
2019/9/14, 862, 500
2019/9/15, 999, 500
2019/9/16, 999, 500
2019/9/17, 815, 500
2019/9/18, 821, 500
2019/9/19, 885, 500
2019/9/20, 999, 500
2019/9/21, 999, 500
2019/9/22, 999, 500
2019/9/23, 999, 500
2019/9/24, 830, 500
2019/9/25, 975, 500
2019/9/26, 999, 500
2019/9/27, 907, 500
2019/9/28, 960, 500
2019/9/29, 899, 500
2019/9/30, 903, 500
2019/6/17, 999, 500
2019/6/18, 973, 500
2019/6/19, 811, 500
2019/6/20, 884, 500
2019/6/21, 872, 500
2019/6/22, 781, 500
2019/6/23, 728, 500
2019/6/24, 958, 500
2019/6/25, 994, 500
2019/6/26, 996, 500
2019/6/27, 999, 500
2019/6/28, 999, 500
2019/6/29, 999, 500
2019/6/30, 911, 500
2019/1/1, 936, 500
2019/1/2, 999, 500
2019/1/3, 999, 500
2019/1/4, 999, 500
2019/1/5, 999, 500
2019/1/6, 999, 500
2019/1/7, 999, 500
2019/1/8, 999, 500
2019/1/9, 999, 500
2019/1/10, 999, 500
2019/1/11, 999, 500
2019/1/12, 999, 500
2019/1/13, 999, 500
2019/1/14, 999, 500
2019/1/15, 999, 500
2019/1/16, 999, 500
2019/1/17, 999, 500
2019/1/18, 999, 500
2019/1/19, 999, 500
2019/1/20, 979, 500
2019/1/21, 999, 500
2019/1/22, 999, 500
2019/1/23, 992, 500
2019/1/24, 999, 500
2019/1/25, 999, 500
2019/1/26, 999, 500
2019/1/27, 999, 500
2019/1/28, 999, 500
2019/1/29, 999, 500
2019/1/30, 999, 500
2019/1/31, 999, 500
2019/2/1, 999, 500
2019/2/2, 999, 500
2019/2/3, 999, 475
2019/2/4, 999, 
2018/10/19, 997, 500
2018/10/20, 986, 500
2018/10/21, 994, 500
2018/10/22, 986, 500
2018/10/23, 999, 500
2018/10/24, 999, 500
2018/10/25, 973, 500
2018/10/26, 999, 500
2018/10/27, 839, 500
2018/10/28, 964, 500
2018/10/29, 971, 500
2018/10/30, 999, 500
2018/10/31, 999, 500
2018/11/1, 999, 500
2018/11/2, 999, 500
2018/11/3, 974, 500
2018/11/4, 999, 500
2018/11/5, 957, 500
2018/11/6, 902, 500
2018/11/7, 999, 500
2018/11/8, 999, 500
2018/11/9, 976, 500
2018/11/10, 986, 500
2018/11/11, 999, 500
2018/11/12, 999, 500
2018/11/13, 980, 500
2018/11/14, 999, 500
2018/11/15, 924, 500
2018/11/16, 957, 500
2018/11/17, 983, 500
2018/11/18, 999, 500
2018/11/19, 999, 500
2018/11/20, 999, 500
2018/11/21, 999, 500
2018/11/22, 999, 500
2018/11/23, 986, 
2018/11/25, 999, 500
2018/11/26, 983, 500
2018/11/27, 999, 500
2018/11/28, 999, 500
2018/11/29, 999, 500
2018/11/30, 999, 500
2018/12/1, 999, 500
2018/12/2, 999, 500
2018/12/3, 999, 500
2018/12/4, 983, 500
2018/12/5, 999, 500
2018/12/6, 999, 
2018/12/7, 999, 
2018/12/8, 999, 
2018/12/9, 999, 
2018/12/10, 999, 500
2018/12/11, 999, 500
2018/12/12, 999, 500
2018/12/13, 999, 500
2018/12/14, 999, 500
2018/12/15, 999, 500
2018/12/16, 999, 500
2018/12/17, 999, 500
2018/12/18, 999, 500
2018/12/19, 999, 500
2018/12/20, 999, 500
2018/12/21, 994, 500
2018/12/22, 999, 
2018/12/23, 999, 
2018/12/24, 999, 
2018/12/25, 999, 
2018/12/26, 999, 
2018/12/27, 999, 500
2018/12/28, 999, 500
2018/12/29, 999, 500
2018/12/30, 999, 
2018/7/1, 999, 500
2018/7/2, 999, 500
2018/7/3, 999, 500
2018/7/4, 988, 500
2018/7/5, 928, 500
2018/7/6, 971, 500
2018/7/7, 834, 500
2018/7/8, 994, 500
2018/7/9, 926, 500
2018/7/10, 999, 500
2018/7/11, 999, 500
2018/7/12, 929, 500
2018/7/13, 999, 500
2018/7/14, 999, 500
2018/7/15, 999, 500
2018/7/16, 999, 500
2018/7/17, 963, 500
2018/7/18, 983, 500
2018/7/19, 962, 500
2018/7/20, 999, 500
2018/7/21, 943, 500
2018/7/22, 966, 500
2018/7/23, 999, 500
2018/7/24, 999, 500
2018/7/25, 999, 500
2018/7/26, 994, 500
2018/7/27, 999, 500
2018/7/28, 999, 500
2018/7/29, 999, 500
2018/7/30, 999, 500
2018/7/31, 999, 500
2018/8/1, 999, 500
2018/8/2, 999, 500
2018/8/3, 999, 500
2018/8/4, 989, 500
2018/8/5, 988, 500
2018/8/6, 999, 500
2018/8/7, 999, 500
2018/8/8, 966, 500
2018/8/9, 970, 500
2018/8/10, 999, 500
2018/8/11, 999, 500
2018/8/12, 999, 500
2018/8/13, 969, 500
2018/8/14, 915, 500
2018/8/15, 999, 500
2018/8/16, 999, 500
2018/8/17, 999, 500
2018/8/18, 993, 500
2018/8/19, 999, 500
2018/8/20, 997, 500
2018/8/21, 976, 500
2018/8/22, 999, 500
2018/8/23, 999, 500
2018/8/24, 999, 500
2018/8/25, 999, 500
2018/8/26, 999, 500
2018/8/27, 999, 500
2018/8/28, 999, 500
2018/8/29, 999, 500
2018/8/30, 938, 500
2018/8/31, 983, 500
2018/9/1, 999, 500
2018/9/2, 999, 500
2018/9/3, 999, 500
2018/9/4, 971, 500
2018/9/5, 999, 500
2018/9/6, 999, 500
2018/9/7, 999, 500
2018/9/8, 999, 500
2018/9/9, 994, 500
2018/9/10, 940, 500
2018/9/11, 994, 500
2018/9/12, 999, 
2018/4/1, 999, 500
2018/4/2, 975, 500
2018/4/3, 908, 500
2018/4/4, 928, 500
2018/4/5, 970, 500
2018/4/6, 964, 500
2018/4/7, 939, 500
2018/4/8, 956, 500
2018/4/9, 999, 
2018/4/10, 999, 500
2018/4/11, 991, 500
2018/4/12, 999, 500
2018/4/13, 999, 
2018/4/14, 999, 
2018/4/15, 999, 
2018/4/16, 805, 500
2018/4/17, 870, 500
2018/4/18, 905, 500
2018/4/19, 988, 500
2018/4/20, 970, 500
2018/4/21, 932, 500
2018/4/22, 980, 500
2018/4/23, 986, 500
2018/4/24, 921, 500
2018/4/25, 963, 500
2018/4/26, 961, 500
2018/4/27, 975, 500
2018/4/28, 979, 500
2018/4/29, 934, 500
2018/4/30, 845, 500
2018/5/1, 924, 500
2018/5/2, 999, 500
2018/5/3, 999, 500
2018/5/4, 999, 500
2018/5/5, 938, 500
2018/5/6, 909, 500
2018/5/7, 999, 500
2018/5/8, 999, 500
2018/5/9, 889, 500
2018/5/10, 881, 500
2018/5/11, 968, 500
2018/5/12, 974, 500
2018/5/13, 856, 500
2018/5/14, 892, 
2018/5/23, 999, 500
2018/5/24, 970, 500
2018/5/25, 999, 500
2018/5/26, 999, 500
2018/5/27, 866, 500
2018/5/28, 922, 500
2018/5/29, 999, 500
2018/5/30, 819, 500
2018/5/31, 965, 500
2018/6/1, 923, 
2018/6/2, 999, 
2018/6/3, 866, 500
2018/6/4, 812, 500
2018/6/5, 957, 500
2018/6/6, 971, 500
2018/6/7, 923, 500
2018/6/8, 955, 500
2018/6/9, 999, 500
2018/6/10, 885, 500
2018/6/11, 959, 500
2018/6/12, 953, 500
2018/6/13, 974, 500
2018/6/14, 953, 500
2018/6/15, 912, 500
2018/6/16, 981, 500
2018/6/17, 999, 500
2018/6/18, 999, 500
2018/6/19, 837, 500
2018/6/20, 994, 500
2018/6/21, 999, 500
2018/6/22, 965, 500
2018/6/23, 952, 500
2018/6/24, 986, 500
2018/6/25, 940, 500
2018/6/26, 876, 500
2018/6/27, 920, 500
2018/6/28, 986, 500
2018/6/29, 999, 500
2018/6/30, 999, 500
2018/1/1, 999, 500
2018/1/2, 999, 500
2018/1/3, 999, 500
2018/1/4, 986, 500
2018/1/5, 999, 500
2018/1/6, 999, 500
2018/1/7, 999, 500
2018/1/8, 999, 500
2018/1/9, 999, 500
2018/1/10, 999, 500
2018/1/11, 999, 500
2018/1/12, 982, 500
2018/1/13, 970, 500
2018/1/14, 999, 500
2018/1/15, 999, 500
2018/1/16, 999, 500
2018/1/17, 999, 500
2018/1/18, 999, 500
2018/1/19, 999, 500
2018/1/20, 999, 500
2018/1/21, 999, 500
2018/1/22, 999, 500
2018/1/23, 971, 500
2018/1/24, 999, 500
2018/1/25, 999, 500
2018/1/26, 999, 500
2018/1/27, 999, 500
2018/1/28, 999, 500
2018/1/29, 972, 500
2018/1/30, 997, 500
2018/1/31, 992, 500
2018/2/1, 999, 500
2018/2/2, 999, 500
2018/2/3, 999, 500
2018/2/4, 971, 500
2018/2/5, 966, 500
2018/2/6, 999, 500
2018/2/7, 976, 500
2018/2/8, 999, 500
2018/2/9, 999, 500
2018/2/10, 999, 500
2018/2/11, 950, 500
2018/2/12, 999, 500
2018/2/13, 999, 500
2018/2/14, 999, 500
2018/2/15, 999, 500
2018/2/16, 999, 500
2018/2/17, 985, 500
2018/2/18, 999, 500
2018/2/19, 999, 500
2018/2/20, 992, 500
2018/2/21, 999, 500
2018/2/22, 962, 500
2018/2/23, 990, 500
2018/2/24, 974, 500
2018/2/25, 892, 500
2018/2/26, 999, 500
2018/2/27, 987, 500
2018/2/28, 963, 500
2018/3/1, 999, 500
2018/3/2, 897, 500
2018/3/3, 999, 500
2018/3/4, 921, 500
2018/3/5, 999, 500
2018/3/6, 999, 500
2018/3/7, 826, 500
2018/3/8, 960, 500
2018/3/9, 974, 500
2018/3/10, 999, 500
2018/3/11, 959, 500
2018/3/12, 919, 500
2018/3/13, 924, 500
2018/3/14, 986, 500
2018/3/15, 999, 500
2018/3/16, 999, 500
2018/3/17, 960, 500
2018/3/18, 999, 500
2018/3/19, 990, 500
2018/3/20, 956, 500
2018/3/21, 967, 500
2018/3/22, 992, 500
2018/3/23, 999, 500
2018/3/24, 997, 500
2018/3/25, 999, 500
2018/3/26, 999, 500
2018/3/27, 978, 500
2018/3/28, 992, 500
2018/3/29, 999, 500
2018/3/30, 978, 500
2018/3/31, 999, 500
2017/10/1, 942, 500
2017/10/2, 934, 500
2017/10/3, 975, 500
2017/10/4, 975, 500
2017/10/5, 999, 500
2017/10/6, 999, 500
2017/10/7, 981, 500
2017/10/8, 978, 500
2017/10/9, 999, 500
2017/10/10, 956, 500
2017/10/11, 999, 500
2017/10/12, 999, 500
2017/10/13, 999, 500
2017/10/14, 899, 500
2017/10/15, 859, 500
2017/10/16, 855, 500
2017/10/17, 867, 500
2017/10/18, 989, 500
2017/10/19, 971, 500
2017/10/20, 948, 500
2017/10/21, 970, 500
2017/10/22, 999, 500
2017/10/23, 923, 500
2017/10/24, 999, 500
2017/10/25, 976, 500
2017/10/26, 999, 500
2017/10/27, 999, 500
2017/10/28, 994, 500
2017/10/29, 939, 500
2017/10/30, 999, 500
2017/10/31, 999, 500
2017/11/1, 999, 500
2017/11/2, 999, 500
2017/11/3, 999, 500
2017/11/4, 999, 500
2017/11/5, 999, 500
2017/11/6, 999, 500
2017/11/7, 999, 500
2017/11/8, 999, 500
2017/11/9, 986, 500
2017/11/10, 980, 
2017/11/11, 970, 
2017/11/12, 997, 500
2017/11/13, 999, 500
2017/11/14, 999, 500
2017/11/15, 999, 500
2017/11/16, 952, 500
2017/11/17, 978, 500
2017/11/18, 999, 500
2017/11/19, 999, 500
2017/11/20, 999, 500
2017/11/21, 999, 500
2017/11/22, 999, 500
2017/11/23, 999, 500
2017/11/24, 999, 500
2017/11/25, 981, 500
2017/11/26, 967, 500
2017/11/27, 999, 500
2017/11/28, 999, 500
2017/11/29, 999, 500
2017/11/30, 989, 500
2017/12/1, 999, 500
2017/12/2, 999, 500
2017/12/3, 999, 500
2017/12/4, 999, 500
2017/12/5, 999, 500
2017/12/6, 992, 500
2017/12/7, 999, 500
2017/12/8, 999, 500
2017/12/9, 999, 500
2017/12/10, 999, 500
2017/12/11, 999, 500
2017/12/12, 999, 500
2017/12/13, 999, 500
2017/12/14, 999, 500
2017/12/15, 999, 500
2017/12/16, 999, 500
2017/12/17, 999, 500
2017/12/18, 999, 500
2017/12/19, 999, 500
2017/12/20, 999, 500
2017/12/21, 999, 500
2017/12/22, 999, 500
2017/12/23, 997, 500
2017/12/24, 999, 500
2017/12/25, 986, 500
2017/12/26, 999, 500
2017/12/27, 999, 500
2017/12/28, 999, 500
2017/12/29, 999, 500
2017/12/30, 999, 500
2017/12/31, 999, 500
2017/7/1, 999, 500
2017/7/2, 967, 500
2017/7/3, 975, 500
2017/7/4, 956, 500
2017/7/5, 931, 500
2017/7/6, 882, 500
2017/7/7, 805, 500
2017/7/8, 999, 500
2017/7/9, 947, 500
2017/7/10, 999, 500
2017/7/11, 952, 500
2017/7/12, 999, 500
2017/7/13, 951, 500
2017/7/14, 913, 500
2017/7/15, 949, 500
2017/7/16, 999, 500
2017/7/17, 999, 500
2017/7/18, 942, 500
2017/7/19, 999, 500
2017/7/20, 999, 500
2017/7/21, 999, 500
2017/7/22, 999, 500
2017/7/23, 999, 500
2017/7/24, 899, 500
2017/7/25, 806, 500
2017/7/26, 920, 500
2017/7/27, 999, 500
2017/7/28, 947, 500
2017/7/29, 933, 500
2017/7/30, 832, 500
2017/7/31, 978, 500
2017/8/1, 999, 500
2017/8/2, 999, 500
2017/8/3, 975, 500
2017/8/4, 651, 500
2017/8/5, 916, 500
2017/8/6, 797, 500
2017/8/7, 979, 500
2017/8/8, 919, 500
2017/8/9, 975, 500
2017/8/10, 999, 500
2017/8/11, 936, 500
2017/8/12, 927, 500
2017/8/13, 999, 500
2017/8/14, 914, 500
2017/8/15, 999, 500
2017/8/16, 999, 500
2017/8/17, 964, 500
2017/8/18, 999, 500
2017/8/19, 999, 500
2017/8/20, 952, 500
2017/8/21, 999, 500
2017/8/22, 999, 500
2017/8/23, 943, 500
2017/8/24, 999, 500
2017/8/25, 955, 500
2017/8/26, 960, 500
2017/8/27, 999, 500
2017/8/28, 999, 500
2017/8/29, 820, 500
2017/8/30, 994, 500
2017/8/31, 999, 500
2017/9/1, 936, 500
2017/9/2, 916, 500
2017/9/3, 932, 500
2017/9/4, 999, 
2017/9/9, 830, 500
2017/9/10, 925, 500
2017/9/11, 964, 500
2017/9/12, 935, 500
2017/9/13, 999, 500
2017/9/14, 978, 500
2017/9/15, 999, 500
2017/9/16, 999, 500
2017/9/17, 985, 500
2017/9/18, 938, 500
2017/9/19, 954, 500
2017/9/20, 981, 500
2017/9/21, 999, 500
2017/9/22, 999, 500
2017/9/23, 988, 500
2017/9/24, 999, 500
2017/9/25, 949, 500
2017/9/26, 913, 500
2017/9/27, 988, 500
2017/9/28, 776, 500
2017/9/29, 911, 500
2017/9/30, 997, 500
2017/4/1, 999, 500
2017/4/2, 909, 500
2017/4/3, 999, 500
2017/4/4, 992, 500
2017/4/5, 918, 500
2017/4/6, 825, 500
2017/4/7, 940, 500
2017/4/8, 987, 500
2017/4/9, 965, 500
2017/4/10, 999, 500
2017/4/11, 999, 500
2017/4/12, 999, 500
2017/4/13, 972, 500
2017/4/14, 992, 500
2017/4/15, 969, 500
2017/4/16, 999, 500
2017/4/17, 999, 500
2017/4/18, 992, 500
2017/4/19, 997, 500
2017/4/20, 997, 500
2017/4/21, 927, 500
2017/4/22, 889, 500
2017/4/23, 885, 500
2017/4/24, 957, 500
2017/4/25, 798, 500
2017/4/26, 799, 500
2017/4/27, 970, 500
2017/4/28, 999, 500
2017/4/29, 999, 500
2017/4/30, 954, 500
2017/5/1, 910, 500
2017/5/2, 997, 500
2017/5/3, 939, 500
2017/5/4, 967, 500
2017/5/5, 857, 500
2017/5/6, 886, 500
2017/5/7, 905, 500
2017/5/8, 906, 500
2017/5/9, 957, 500
2017/5/10, 867, 500
2017/5/11, 970, 500
2017/5/12, 915, 500
2017/5/13, 711, 500
2017/5/14, 858, 500
2017/5/15, 928, 500
2017/5/16, 899, 500
2017/5/17, 999, 500
2017/5/18, 999, 500
2017/5/19, 964, 500
2017/5/20, 959, 500
2017/5/21, 868, 500
2017/5/22, 737, 500
2017/5/23, 844, 500
2017/5/24, 960, 500
2017/5/25, 623, 500
2017/5/26, 792, 500
2017/5/27, 927, 500
2017/5/28, 791, 500
2017/5/29, 839, 500
2017/5/30, 874, 500
2017/5/31, 890, 500
2017/6/1, 916, 500
2017/6/2, 914, 500
2017/6/3, 897, 500
2017/6/4, 897, 500
2017/6/5, 989, 500
2017/6/6, 782, 500
2017/6/7, 849, 500
2017/6/8, 722, 500
2017/6/9, 916, 500
2017/6/10, 999, 500
2017/6/11, 999, 500
2017/6/12, 999, 500
2017/6/13, 999, 500
2017/6/14, 910, 500
2017/6/15, 839, 500
2017/6/16, 837, 500
2017/6/17, 921, 500
2017/6/18, 863, 500
2017/6/19, 963, 500
2017/6/20, 952, 500
2017/6/21, 999, 500
2017/6/22, 923, 500
2017/6/23, 999, 500
2017/6/24, 999, 500
2017/6/25, 932, 500
2017/6/26, 926, 500
2017/6/27, 981, 500
2017/6/28, 856, 500
2017/6/29, 999, 500
2017/6/30, 999, 500
2017/1/2, 999, 500
2017/1/3, 957, 500
2017/1/4, 999, 500
2017/1/5, 999, 500
2017/1/6, 999, 500
2017/1/7, 999, 500
2017/1/8, 999, 500
2017/1/9, 999, 500
2017/1/10, 999, 500
2017/1/11, 999, 500
2017/1/12, 999, 500
2017/1/13, 999, 500
2017/1/14, 999, 500
2017/1/15, 999, 500
2017/1/16, 999, 500
2017/1/17, 999, 500
2017/1/18, 999, 500
2017/1/19, 999, 500
2017/1/20, 999, 500
2017/1/21, 999, 500
2017/1/22, 999, 500
2017/1/23, 994, 500
2017/1/24, 967, 500
2017/1/25, 999, 500
2017/1/26, 999, 500
2017/1/27, 999, 500
2017/1/28, 999, 
2017/1/30, 993, 500
2017/2/1, 999, 500
2017/2/2, 999, 500
2017/2/3, 999, 500
2017/2/4, 999, 500
2017/2/5, 999, 500
2017/2/6, 999, 500
2017/2/7, 999, 500
2017/2/8, 999, 500
2017/2/9, 999, 500
2017/2/10, 999, 500
2017/2/11, 999, 500
2017/2/12, 987, 500
2017/2/13, 999, 500
2017/2/14, 999, 500
2017/2/15, 999, 500
2017/2/16, 999, 500
2017/2/22, 999, 500
2017/2/23, 999, 500
2017/2/24, 999, 500
2017/2/25, 890, 500
2017/2/26, 999, 500
2017/2/27, 999, 500
2017/2/28, 968, 500
2017/3/1, 885, 500
2017/3/2, 999, 500
2017/3/3, 999, 500
2017/3/4, 999, 500
2017/3/5, 981, 500
2017/3/6, 983, 500
2017/3/7, 999, 500
2017/3/8, 985, 500
2017/3/9, 976, 500
2017/3/10, 958, 500
2017/3/11, 999, 500
2017/3/12, 999, 500
2017/3/13, 999, 500
2017/3/14, 999, 500
2017/3/15, 992, 500
2017/3/16, 999, 500
2017/3/17, 999, 500
2017/3/18, 999, 500
2017/3/19, 999, 500
2017/3/20, 999, 500
2017/3/21, 999, 500
2017/3/22, 999, 500
2017/3/23, 994, 500
2017/3/24, 981, 500
2017/3/25, 999, 500
2017/3/26, 999, 500
2017/3/27, 955, 500
2017/3/28, 982, 500
2017/3/29, 905, 500
2017/3/30, 924, 500
2017/3/31, 763, 500
2016/10/1, 501, 500
2016/10/2, 809, 500
2016/10/3, 999, 500
2016/10/4, 953, 500
2016/10/5, 983, 500
2016/10/6, 988, 500
2016/10/7, 999, 500
2016/10/8, 953, 500
2016/10/9, 951, 500
2016/10/10, 915, 475
2016/10/11, 973, 500
2016/10/12, 970, 500
2016/10/13, 949, 500
2016/10/14, 931, 500
2016/10/15, 989, 500
2016/10/16, 999, 500
2016/10/17, 999, 500
2016/10/18, 999, 500
2016/10/19, 999, 500
2016/10/20, 988, 500
2016/10/21, 906, 500
2016/10/22, 879, 500
2016/10/23, 959, 500
2016/10/24, 979, 500
2016/10/25, 947, 
2016/10/26, 943, 
2016/10/27, 889, 500
2016/10/28, 881, 500
2016/10/29, 969, 500
2016/10/30, 999, 500
2016/10/31, 946, 500
2016/11/1, 972, 500
2016/11/2, 999, 500
2016/11/3, 959, 500
2016/11/4, 927, 500
2016/11/5, 999, 
2016/11/6, 999, 500
2016/11/7, 964, 500
2016/11/8, 965, 500
2016/11/9, 999, 500
2016/11/10, 969, 
2016/11/11, 999, 
2016/11/12, 939, 
2016/11/13, 999, 500
2016/11/14, 999, 
2016/11/15, 974, 500
2016/11/16, 999, 500
2016/11/17, 999, 500
2016/11/18, 999, 500
2016/11/19, 943, 500
2016/11/20, 915, 500
2016/11/21, 999, 500
2016/11/22, 999, 500
2016/11/23, 999, 500
2016/11/24, 999, 500
2016/11/25, 999, 500
2016/11/26, 967, 500
2016/11/27, 999, 500
2016/11/28, 999, 500
2016/11/29, 999, 500
2016/11/30, 976, 500
2016/12/1, 999, 500
2016/12/2, 999, 500
2016/12/3, 999, 500
2016/12/4, 999, 500
2016/12/5, 999, 500
2016/12/6, 997, 500
2016/12/7, 999, 500
2016/12/8, 999, 500
2016/12/9, 999, 500
2016/12/10, 999, 500
2016/12/11, 999, 500
2016/12/12, 967, 500
2016/12/13, 999, 500
2016/12/14, 999, 500
2016/12/15, 983, 500
2016/12/16, 999, 500
2016/12/17, 946, 500
2016/12/18, 999, 500
2016/12/19, 999, 500
2016/12/20, 999, 500
2016/12/21, 999, 500
2016/12/22, 999, 500
2016/12/23, 999, 500
2016/12/24, 999, 500
2016/12/25, 999, 500
2016/12/26, 999, 500
2016/12/27, 999, 500
2016/12/28, 999, 500
2016/12/29, 999, 500
2016/12/30, 988, 500
2016/12/31, 999, 500
2017/1/1, 999, 500
2016/7/1, 929, 500
2016/7/2, 997, 500
2016/7/3, 956, 500
2016/7/4, 999, 500
2016/7/5, 837, 500
2016/7/6, 999, 500
2016/7/7, 999, 500
2016/7/8, 974, 500
2016/7/9, 860, 500
2016/7/10, 935, 500
2016/7/11, 749, 500
2016/7/12, 832, 500
2016/7/13, 813, 500
2016/7/14, 952, 500
2016/7/15, 999, 500
2016/7/16, 999, 500
2016/7/17, 967, 500
2016/7/18, 999, 500
2016/7/19, 907, 500
2016/7/20, 958, 500
2016/7/21, 999, 500
2016/7/22, 999, 500
2016/7/23, 978, 500
2016/7/24, 955, 500
2016/7/25, 994, 500
2016/7/26, 938, 500
2016/7/27, 999, 500
2016/7/28, 999, 500
2016/7/29, 999, 500
2016/7/30, 999, 500
2016/7/31, 956, 500
2016/8/1, 986, 500
2016/8/2, 962, 500
2016/8/3, 999, 500
2016/8/4, 863, 500
2016/8/5, 993, 500
2016/8/6, 969, 500
2016/8/7, 954, 500
2016/8/8, 956, 500
2016/8/9, 999, 500
2016/8/10, 952, 500
2016/8/11, 999, 500
2016/8/12, 942, 500
2016/8/13, 999, 500
2016/8/14, 990, 500
2016/8/15, 903, 500
2016/8/16, 999, 500
2016/8/17, 854, 500
2016/8/18, 886, 500
2016/8/19, 980, 500
2016/8/20, 935, 500
2016/8/21, 985, 500
2016/8/22, 774, 500
2016/8/23, 839, 500
2016/8/24, 999, 500
2016/8/25, 999, 500
2016/8/26, 999, 500
2016/8/27, 999, 500
2016/8/28, 846, 500
2016/8/29, 931, 500
2016/8/30, 857, 500
2016/8/31, 994, 500
2016/9/1, 999, 500
2016/9/2, 881, 500
2016/9/3, 931, 500
2016/9/4, 926, 500
2016/9/5, 843, 500
2016/9/6, 945, 500
2016/9/7, 997, 500
2016/9/8, 999, 500
2016/9/9, 999, 500
2016/9/10, 999, 500
2016/9/11, 841, 500
2016/9/12, 808, 500
2016/9/13, 947, 500
2016/9/14, 985, 500
2016/9/15, 794, 500
2016/9/16, 841, 500
2016/9/17, 888, 500
2016/9/18, 956, 500
2016/9/19, 902, 500
2016/9/20, 902, 500
2016/9/21, 994, 500
2016/9/22, 982, 500
2016/9/23, 999, 500
2016/9/24, 814, 500
2016/9/25, 970, 500
2016/9/26, 818, 500
2016/9/27, 976, 500
2016/9/28, 979, 500
2016/9/29, 991, 500
2016/9/30, 833, 500
2016/4/1, 995, 500
2016/4/2, 992, 500
2016/4/3, 935, 500
2016/4/4, 990, 500
2016/4/5, 999, 500
2016/4/6, 897, 500
2016/4/7, 999, 500
2016/4/8, 964, 500
2016/4/9, 971, 
2016/4/10, 999, 500
2016/4/11, 999, 500
2016/4/12, 999, 500
2016/4/13, 991, 500
2016/4/14, 960, 500
2016/4/15, 999, 500
2016/4/16, 999, 500
2016/4/17, 987, 500
2016/4/18, 999, 500
2016/4/19, 947, 500
2016/4/20, 962, 500
2016/4/21, 980, 500
2016/4/22, 999, 500
2016/4/23, 978, 500
2016/4/24, 954, 500
2016/4/25, 999, 500
2016/4/26, 999, 500
2016/4/27, 897, 500
2016/4/28, 992, 500
2016/4/29, 994, 500
2016/4/30, 997, 500
2016/5/1, 874, 500
2016/5/2, 824, 500
2016/5/3, 797, 500
2016/5/4, 764, 500
2016/5/5, 641, 500
2016/5/6, 890, 500
2016/5/7, 771, 500
2016/5/8, 874, 500
2016/5/9, 999, 500
2016/5/10, 920, 500
2016/5/11, 948, 500
2016/5/12, 999, 500
2016/5/13, 974, 500
2016/5/14, 942, 500
2016/5/15, 805, 500
2016/5/16, 760, 500
2016/5/17, 997, 500
2016/5/18, 944, 500
2016/5/19, 923, 500
2016/5/20, 917, 500
2016/5/21, 999, 500
2016/5/22, 932, 500
2016/5/23, 986, 500
2016/5/24, 978, 500
2016/5/25, 999, 500
2016/5/26, 999, 500
2016/5/27, 999, 500
2016/5/28, 999, 500
2016/5/29, 969, 500
2016/5/30, 609, 500
2016/5/31, 976, 500
2016/6/1, 999, 500
2016/6/2, 991, 500
2016/6/3, 981, 500
2016/6/4, 993, 500
2016/6/5, 806, 500
2016/6/6, 863, 500
2016/6/7, 967, 500
2016/6/8, 819, 500
2016/6/9, 817, 500
2016/6/10, 866, 500
2016/6/11, 999, 500
2016/6/12, 983, 500
2016/6/13, 663, 500
2016/6/14, 789, 500
2016/6/15, 999, 500
2016/6/16, 999, 500
2016/6/17, 894, 500
2016/6/18, 951, 500
2016/6/19, 957, 500
2016/6/20, 776, 500
2016/6/22, 999, 500
2016/6/23, 979, 500
2016/6/24, 999, 500
2016/6/25, 999, 500
2016/6/26, 957, 500
2016/6/27, 975, 500
2016/6/28, 822, 500
2016/6/29, 960, 500
2016/6/30, 944, 500
2016/1/4, 999, 500
2016/1/5, 999, 500
2016/1/6, 999, 500
2016/1/7, 999, 500
2016/1/8, 999, 500
2016/1/9, 999, 500
2016/1/10, 999, 500
2016/1/11, 999, 483
2016/1/12, 999, 500
2016/1/13, 999, 500
2016/1/14, 999, 500
2016/1/15, 999, 500
2016/1/16, 999, 500
2016/1/17, 999, 500
2016/1/18, 999, 500
2016/1/19, 999, 500
2016/1/20, 999, 500
2016/1/21, 999, 500
2016/1/22, 999, 500
2016/1/23, 970, 500
2016/1/24, 999, 500
2016/1/25, 999, 500
2016/1/26, 999, 500
2016/1/27, 999, 500
2016/1/28, 999, 500
2016/1/29, 999, 500
2016/1/30, 986, 500
2016/1/31, 999, 500
2016/2/1, 999, 500
2016/2/2, 999, 500
2016/2/3, 988, 500
2016/2/4, 999, 500
2016/2/5, 978, 500
2016/2/6, 999, 500
2016/2/7, 999, 500
2016/2/8, 999, 500
2016/2/9, 986, 500
2016/2/10, 999, 500
2016/2/11, 999, 500
2016/2/12, 981, 500
2016/2/13, 999, 500
2016/2/14, 999, 500
2016/2/15, 994, 500
2016/2/16, 994, 500
2016/2/17, 999, 500
2016/2/18, 999, 500
2016/2/19, 999, 500
2016/2/20, 999, 500
2016/2/21, 999, 500
2016/2/22, 999, 500
2016/2/23, 999, 500
2016/2/24, 986, 500
2016/2/25, 999, 500
2016/2/26, 999, 500
2016/2/27, 999, 500
2016/2/28, 999, 500
2016/2/29, 999, 500
2016/3/1, 981, 500
2016/3/2, 999, 500
2016/3/3, 999, 500
2016/3/4, 999, 500
2016/3/5, 999, 500
2016/3/6, 999, 500
2016/3/7, 999, 500
2016/3/8, 999, 500
2016/3/9, 999, 500
2016/3/10, 999, 500
2016/3/11, 922, 500
2016/3/12, 963, 500
2016/3/13, 999, 500
2016/3/14, 860, 500
2016/3/15, 929, 500
2016/3/16, 928, 500
2016/3/17, 883, 500
2016/3/18, 967, 500
2016/3/19, 988, 500
2016/3/20, 986, 500
2016/3/21, 997, 500
2016/3/22, 999, 500
2016/3/23, 999, 500
2016/3/24, 999, 500
2016/3/25, 999, 500
2016/3/26, 981, 500
2016/3/27, 994, 500
2016/3/28, 888, 500
2016/3/29, 999, 500
2016/3/30, 992, 500
2016/3/31, 999, 500
2015/10/1, 803, 500
2015/10/2, 852, 500
2015/10/3, 805, 500
2015/10/4, 989, 500
2015/10/5, 970, 500
2015/10/6, 876, 500
2015/10/7, 999, 500
2015/10/8, 994, 500
2015/10/9, 999, 500
2015/10/10, 969, 500
2015/10/11, 945, 
2015/10/13, 999, 500
2015/10/14, 976, 500
2015/10/15, 876, 500
2015/10/16, 958, 500
2015/10/17, 920, 500
2015/10/18, 987, 500
2015/10/19, 990, 500
2015/10/20, 999, 500
2015/10/21, 999, 500
2015/10/22, 999, 500
2015/10/23, 889, 500
2015/10/24, 988, 500
2015/10/26, 925, 500
2015/10/27, 962, 500
2015/10/28, 913, 500
2015/10/29, 983, 500
2015/10/30, 967, 500
2015/10/31, 992, 500
2015/11/1, 986, 500
2015/11/2, 999, 500
2015/11/3, 999, 500
2015/11/4, 999, 500
2015/11/5, 992, 500
2015/11/6, 999, 500
2015/11/7, 999, 500
2015/11/8, 999, 500
2015/11/9, 971, 500
2015/11/10, 881, 500
2015/11/11, 966, 500
2015/11/12, 967, 500
2015/11/13, 999, 500
2015/11/14, 997, 500
2015/11/15, 999, 500
2015/11/16, 999, 500
2015/11/17, 980, 500
2015/11/18, 999, 500
2015/11/19, 980, 500
2015/11/20, 986, 500
2015/11/21, 999, 500
2015/11/22, 992, 500
2015/11/23, 999, 500
2015/11/24, 981, 500
2015/11/25, 999, 500
2015/11/26, 999, 500
2015/11/27, 967, 500
2015/11/28, 992, 500
2015/11/29, 999, 500
2015/11/30, 999, 500
2015/12/1, 987, 500
2015/12/2, 999, 500
2015/12/3, 999, 500
2015/12/4, 999, 500
2015/12/5, 999, 500
2015/12/6, 999, 500
2015/12/7, 999, 500
2015/12/8, 999, 500
2015/12/9, 999, 500
2015/12/10, 999, 500
2015/12/11, 999, 500
2015/12/12, 999, 500
2015/12/13, 999, 500
2015/12/14, 934, 500
2015/12/15, 963, 500
2015/12/16, 971, 500
2015/12/17, 997, 500
2015/12/18, 999, 500
2015/12/19, 999, 500
2015/12/20, 999, 500
2015/12/21, 999, 500
2015/12/22, 999, 500
2015/12/23, 960, 500
2015/12/24, 992, 500
2015/12/25, 999, 500
2015/12/26, 979, 500
2015/12/27, 943, 500
2015/12/28, 981, 500
2015/12/29, 910, 500
2015/12/30, 999, 500
2015/12/31, 999, 
2016/1/3, 999, 500
2015/7/1, 999, 500
2015/7/2, 997, 500
2015/7/3, 970, 500
2015/7/4, 999, 500
2015/7/5, 999, 500
2015/7/6, 999, 500
2015/7/7, 985, 500
2015/7/8, 999, 
2015/7/9, 999, 
2015/7/10, 999, 500
2015/7/11, 983, 500
2015/7/12, 999, 500
2015/7/13, 976, 500
2015/7/14, 906, 500
2015/7/15, 974, 500
2015/7/16, 876, 500
2015/7/17, 968, 500
2015/7/18, 970, 500
2015/7/19, 999, 500
2015/7/20, 999, 500
2015/7/21, 999, 500
2015/7/22, 920, 500
2015/7/23, 883, 500
2015/7/24, 923, 500
2015/7/25, 986, 500
2015/7/26, 999, 500
2015/7/27, 999, 500
2015/7/28, 999, 500
2015/7/29, 999, 500
2015/7/30, 972, 500
2015/7/31, 973, 500
2015/8/1, 999, 500
2015/8/2, 975, 500
2015/8/3, 999, 500
2015/8/4, 999, 500
2015/8/5, 999, 500
2015/8/6, 732, 500
2015/8/7, 906, 500
2015/8/8, 874, 500
2015/8/9, 957, 500
2015/8/10, 871, 500
2015/8/11, 949, 500
2015/8/12, 999, 500
2015/8/13, 720, 500
2015/8/14, 991, 500
2015/8/15, 999, 500
2015/8/16, 999, 500
2015/8/17, 999, 500
2015/8/18, 999, 500
2015/8/19, 856, 500
2015/8/20, 945, 500
2015/8/21, 962, 500
2015/8/22, 964, 500
2015/8/23, 902, 500
2015/8/24, 939, 500
2015/8/25, 999, 500
2015/8/26, 999, 500
2015/8/27, 979, 500
2015/8/28, 831, 500
2015/8/29, 989, 500
2015/8/30, 999, 500
2015/8/31, 978, 500
2015/9/1, 999, 500
2015/9/2, 999, 500
2015/9/3, 999, 500
2015/9/4, 999, 500
2015/9/5, 994, 500
2015/9/6, 916, 500
2015/9/7, 976, 500
2015/9/8, 999, 500
2015/9/9, 927, 500
2015/9/10, 941, 500
2015/9/11, 875, 500
2015/9/12, 870, 500
2015/9/13, 929, 500
2015/9/14, 983, 500
2015/9/15, 978, 500
2015/9/16, 999, 500
2015/9/17, 999, 500
2015/9/18, 999, 500
2015/9/19, 999, 500
2015/9/20, 881, 500
2015/9/21, 884, 500
2015/9/22, 906, 500
2015/9/23, 844, 500
2015/9/24, 999, 500
2015/9/25, 989, 500
2015/9/26, 944, 500
2015/9/27, 940, 500
2015/9/28, 965, 500
2015/9/29, 911, 500
2015/9/30, 963, 500
2015/5/27, 999, 500
2015/5/28, 999, 500
2015/5/29, 867, 500
2015/5/30, 970, 500
2015/5/31, 999, 500
2015/6/1, 716, 500
2015/6/2, 561, 500
2015/6/3, 789, 500
2015/6/4, 715, 500
2015/6/5, 845, 500
2015/6/6, 999, 500
2015/6/7, 959, 500
2015/6/8, 918, 500
2015/6/9, 986, 500
2015/6/10, 966, 500
2015/6/11, 999, 500
2015/6/12, 999, 500
2015/6/13, 917, 500
2015/6/14, 973, 500
2015/6/15, 912, 500
2015/6/16, 992, 500
2015/6/17, 948, 500
2015/6/18, 764, 500
2015/6/19, 976, 500
2015/6/20, 952, 500
2015/6/21, 967, 500
2015/6/22, 983, 500
2015/6/23, 999, 500
2015/6/24, 847, 500
2015/6/25, 923, 500
2015/6/26, 999, 500
2015/6/27, 806, 500
2015/6/28, 874, 500
2015/6/29, 949, 500
2015/6/30, 999, 500
2020/5/31, , 500
2020/5/30, , 500
2019/12/31, , 500
2019/12/1, , 500
2019/6/16, , 500
2018/12/31, , 500
2018/10/18, , 500
2018/11/24, , 500
2018/5/22, , 500
2017/9/8, , 500
2017/1/29, , 500
2017/1/31, , 500
2017/2/17, , 500
2017/2/18, , 500
2017/2/19, , 500
2017/2/20, , 500
2017/2/21, , 500
2016/6/21, , 500
2015/10/12, , 500
2015/10/25, , 500
2016/1/2, , 500
2015/4/1, , 500
2015/4/3, , 500
2015/4/4, , 500
2015/4/5, , 500
2015/4/6, , 500
2015/4/7, , 500
2015/4/8, , 500
2015/4/9, , 500
2015/4/10, , 500
2015/4/11, , 500
2015/4/12, , 500
2015/4/13, , 500
2015/4/14, , 500
2015/4/15, , 500
2015/4/16, , 500
2015/4/17, , 500
2015/4/18, , 500
2015/4/19, , 500
2015/4/20, , 500
2015/4/21, , 500
2015/4/22, , 500
2015/4/23, , 500
2015/4/24, , 500
2015/4/25, , 500
2015/4/26, , 500
2015/4/27, , 500
2015/4/28, , 500
2015/4/29, , 500
2015/4/30, , 500
2015/5/1, , 500
2015/5/2, , 500
2015/5/3, , 500
2015/5/4, , 500
2015/5/5, , 500
2015/5/6, , 500
2015/5/7, , 500
2015/5/8, , 500
2015/5/9, , 500
2015/5/10, , 500
2015/5/11, , 500
2015/5/12, , 500
2015/5/13, , 500
2015/5/14, , 500
2015/5/15, , 500
2015/5/16, , 500
2015/5/17, , 500
2015/5/18, , 500
2015/5/19, , 500
2015/5/20, , 500
2015/5/21, , 500
2015/5/22, , 500
2015/5/23, , 500
2015/5/24, , 500
2015/5/25, , 500
2015/5/26, , 500
2015/1/15, , 500
2015/1/27, , 500
2015/1/29, , 500
2015/1/30, , 500
2015/1/31, , 500
2015/2/1, , 500
2015/2/2, , 500
2015/2/3, , 500
2015/2/4, , 500
2015/2/5, , 500
2015/2/6, , 500
2015/2/7, , 500
2015/2/8, , 500
2015/2/9, , 500
2015/2/10, , 500
2015/2/11, , 500
2015/2/12, , 500
2015/2/13, , 500
2015/2/14, , 500
2015/2/15, , 500
2015/2/16, , 500
2015/2/17, , 500
2015/2/18, , 500
2015/2/19, , 500
2015/2/20, , 500
2015/2/21, , 500
2015/2/22, , 500
2015/2/23, , 500
2015/2/24, , 500
2015/2/25, , 500
2015/2/26, , 500
2015/2/27, , 500
2015/2/28, , 500
2015/3/1, , 500
2015/3/2, , 500
2015/3/3, , 500
2015/3/4, , 500
2015/3/5, , 500
2015/3/6, , 500
2015/3/7, , 500
2015/3/8, , 500
2015/3/9, , 500
2015/3/11, , 500
2015/3/12, , 500
2015/3/13, , 500
2015/3/14, , 500
2015/3/15, , 500
2015/3/16, , 500
2015/3/19, , 500
2015/3/20, , 500
2015/3/21, , 500
2015/3/22, , 500
2015/3/23, , 500
2015/3/24, , 500
2015/3/25, , 500
2015/3/26, , 500
2015/3/27, , 500
2015/3/28, , 500
2015/3/29, , 500
2015/3/30, , 500
2015/3/31, , 500