{
  "bytes": 385113,
  "count_of_rows": 21468,
  "descriptor": "A variety of temporal granularities for Europe Brent and WTI (West Texas Intermediate) Spot Prices.",
  "hash": "b93b17c82f753ad781463adf2999f557",
  "keywords": [
    "Oil",
    "Brent",
    "WTI",
    "Oil Prices",
    "eia",
    "oil eia"
  ],
  "licenses": [
    {
      "name": "ODC-PDDL-1.0",
      "path": "http://opendatacommons.org/licenses/pddl/",
      "title": "Open Data Commons Public Domain Dedication and License v1.0"
    }
  ],
  "name": "oil-prices",
  "profile": "data-package",
  "resources": [
    {
      "bytes": 150494,
      "dialect": {
        "caseSensitiveHeader": false,
        "delimiter": ",",
        "doubleQuote": true,
        "header": true,
        "lineTerminator": "\r\n",
        "quoteChar": "\"",
        "skipInitialSpace": false
      },
      "encoding": "utf-8",
      "format": "csv",
      "hash": "af57a445d90469a8e07896f9edab2387",
      "name": "brent-daily",
      "path": "data/brent-daily.csv",
      "profile": "tabular-data-resource",
      "schema": {
        "fields": [
          {
            "format": "%Y-%m-%d",
            "name": "Date",
            "type": "date"
          },
          {
            "decimalChar": ".",
            "format": "default",
            "groupChar": "",
            "name": "Price",
            "type": "number"
          }
        ],
        "missingValues": [
          ""
        ]
      }
    },
    {
      "bytes": 31060,
      "dialect": {
        "caseSensitiveHeader": false,
        "delimiter": ",",
        "doubleQuote": true,
        "header": true,
        "lineTerminator": "\r\n",
        "quoteChar": "\"",
        "skipInitialSpace": false
      },
      "encoding": "utf-8",
      "format": "csv",
      "hash": "9c0b683ca8f56989e87a83a62c1df684",
      "name": "brent-week",
      "path": "data/brent-weekly.csv",
      "profile": "tabular-data-resource",
      "schema": {
        "fields": [
          {
            "format": "%Y-%m-%d",
            "name": "Date",
            "type": "date"
          },
          {
            "decimalChar": ".",
            "format": "default",
            "groupChar": "",
            "name": "Price",
            "type": "number"
          }
        ],
        "missingValues": [
          ""
        ]
      }
    },
    {
      "bytes": 7161,
      "dialect": {
        "caseSensitiveHeader": false,
        "delimiter": ",",
        "doubleQuote": true,
        "header": true,
        "lineTerminator": "\r\n",
        "quoteChar": "\"",
        "skipInitialSpace": false
      },
      "encoding": "utf-8",
      "format": "csv",
      "hash": "01963e02983cf179ea532a52ea6e70da",
      "name": "brent-month",
      "path": "data/brent-monthly.csv",
      "profile": "tabular-data-resource",
      "schema": {
        "fields": [
          {
            "format": "%Y-%m-%d",
            "name": "Date",
            "type": "date"
          },
          {
            "decimalChar": ".",
            "format": "default",
            "groupChar": "",
            "name": "Price",
            "type": "number"
          }
        ],
        "missingValues": [
          ""
        ]
      }
    },
    {
      "bytes": 607,
      "dialect": {
        "caseSensitiveHeader": false,
        "delimiter": ",",
        "doubleQuote": true,
        "header": true,
        "lineTerminator": "\r\n",
        "quoteChar": "\"",
        "skipInitialSpace": false
      },
      "encoding": "utf-8",
      "format": "csv",
      "hash": "b6f65e2366d4c923e9ea053888a1029b",
      "name": "brent-year",
      "path": "data/brent-year.csv",
      "profile": "tabular-data-resource",
      "schema": {
        "fields": [
          {
            "format": "%Y-%m-%d",
            "name": "Date",
            "type": "date"
          },
          {
            "decimalChar": ".",
            "format": "default",
            "groupChar": "",
            "name": "Price",
            "type": "number"
          }
        ],
        "missingValues": [
          ""
        ]
      }
    },
    {
      "bytes": 155521,
      "dialect": {
        "caseSensitiveHeader": false,
        "delimiter": ",",
        "doubleQuote": true,
        "header": true,
        "lineTerminator": "\r\n",
        "quoteChar": "\"",
        "skipInitialSpace": false
      },
      "encoding": "utf-8",
      "format": "csv",
      "hash": "19c610a60681a9507b77cf54ce4f1402",
      "name": "wti-daily",
      "path": "data/wti-daily.csv",
      "profile": "tabular-data-resource",
      "schema": {
        "fields": [
          {
            "format": "%Y-%m-%d",
            "name": "Date",
            "type": "date"
          },
          {
            "decimalChar": ".",
            "format": "default",
            "groupChar": "",
            "name": "Price",
            "type": "number"
          }
        ],
        "missingValues": [
          ""
        ]
      }
    },
    {
      "bytes": 32230,
      "dialect": {
        "caseSensitiveHeader": false,
        "delimiter": ",",
        "doubleQuote": true,
        "header": true,
        "lineTerminator": "\r\n",
        "quoteChar": "\"",
        "skipInitialSpace": false
      },
      "encoding": "utf-8",
      "format": "csv",
      "hash": "5c98b255264af7d05108610903c589ed",
      "name": "wti-week",
      "path": "data/wti-weekly.csv",
      "profile": "tabular-data-resource",
      "schema": {
        "fields": [
          {
            "format": "%Y-%m-%d",
            "name": "Date",
            "type": "date"
          },
          {
            "decimalChar": ".",
            "format": "default",
            "groupChar": "",
            "name": "Price",
            "type": "number"
          }
        ],
        "missingValues": [
          ""
        ]
      }
    },
    {
      "bytes": 7419,
      "dialect": {
        "caseSensitiveHeader": false,
        "delimiter": ",",
        "doubleQuote": true,
        "header": true,
        "lineTerminator": "\r\n",
        "quoteChar": "\"",
        "skipInitialSpace": false
      },
      "encoding": "utf-8",
      "format": "csv",
      "hash": "4778c92799c70e91937056235ce8e87e",
      "name": "wti-month",
      "path": "data/wti-monthly.csv",
      "profile": "tabular-data-resource",
      "schema": {
        "fields": [
          {
            "format": "%Y-%m-%d",
            "name": "Date",
            "type": "date"
          },
          {
            "decimalChar": ".",
            "format": "default",
            "groupChar": "",
            "name": "Price",
            "type": "number"
          }
        ],
        "missingValues": [
          ""
        ]
      }
    },
    {
      "bytes": 621,
      "dialect": {
        "caseSensitiveHeader": false,
        "delimiter": ",",
        "doubleQuote": true,
        "header": true,
        "lineTerminator": "\r\n",
        "quoteChar": "\"",
        "skipInitialSpace": false
      },
      "encoding": "utf-8",
      "format": "csv",
      "hash": "5e64dab84760b0c43763bb76e811b251",
      "name": "wti-year",
      "path": "data/wti-year.csv",
      "profile": "tabular-data-resource",
      "schema": {
        "fields": [
          {
            "format": "%Y-%m-%d",
            "name": "Date",
            "type": "date"
          },
          {
            "decimalChar": ".",
            "format": "default",
            "groupChar": "",
            "name": "Price",
            "type": "number"
          }
        ],
        "missingValues": [
          ""
        ]
      }
    }
  ],
  "sources": [
    {
      "name": "Daily Europe Brent Spot Price",
      "path": "https://www.eia.gov/dnav/pet/hist_xls/RBRTEd.xls",
      "title": "Daily Europe Brent Spot Price"
    },
    {
      "name": "Weekly Europe Brent Spot Price",
      "path": "https://www.eia.gov/dnav/pet/hist_xls/RBRTEw.xls",
      "title": "Weekly Europe Brent Spot Price"
    },
    {
      "name": "Monthly Europe Brent Spot Price",
      "path": "https://www.eia.gov/dnav/pet/hist_xls/RBRTEm.xls",
      "title": "Monthly Europe Brent Spot Price"
    },
    {
      "name": "Annual Europe Brent Spot Price",
      "path": "https://www.eia.gov/dnav/pet/hist_xls/RBRTEa.xls",
      "title": "Annual Europe Brent Spot Price"
    },
    {
      "name": "Daily Cushing, OK WTI Spot Price",
      "path": "http://www.eia.gov/dnav/pet/hist_xls/RWTCd.xls",
      "title": "Daily Cushing, OK WTI Spot Price"
    },
    {
      "name": "Weekly Cushing, OK WTI Spot Price",
      "path": "http://www.eia.gov/dnav/pet/hist_xls/RWTCw.xls",
      "title": "Weekly Cushing, OK WTI Spot Price"
    },
    {
      "name": "Monthly Cushing, OK WTI Spot Price",
      "path": "http://www.eia.gov/dnav/pet/hist_xls/RWTCm.xls",
      "title": "Monthly Cushing, OK WTI Spot Price"
    },
    {
      "name": "Annual Cushing, OK WTI Spot Price",
      "path": "http://www.eia.gov/dnav/pet/hist_xls/RWTCa.xls",
      "title": "Annual Cushing, OK WTI Spot Price"
    }
  ],
  "title": "Brent and WTI Spot Prices",
  "views": [
    {
      "name": "graph",
      "resourceName": "brent-day",
      "spec": {
        "group": "Date",
        "series": [
          "Brent Spot Price"
        ],
        "type": "line"
      },
      "specType": "simple",
      "title": "Europe Brent Spot Price FOB (Dollars per Barrel)"
    }
  ]
}